"Project Name",City,"Total Housing Units","Local partners",Sponsor,"Tax Credit units","Unit type","Allocation amount","Allocation type","Allocation year"
"Cambrian Building H - Rental",Burlington,40,"Champlain Housing Trust",Evernorth,40,"New construction","$817,691","Tax Exempt Bonds",2025
"East Creek Commons",Rutland,35,"Housing Trust of Rutland County",,35,"New construction, Rehabilitation, Acquisition","$535,941","Tax Exempt Bonds",2025
Hedding-Church-Forest,Randolph,32,"Randolph Area Community Development Corp.",,32,"New construction, Rehabilitation, Acquisition","$651,515","Tax Exempt Bonds",2025
"Arlington Village Center",Arlington,30,"Shires Housing",Evernorth,30,Rehabilitation,"$408,325","Tax Exempt Bonds",2025
"Whitcomb Woods","Essex Junction",64,"Cathedral Square Corp.",,64,Rehabilitation,"$359,055","Tax Exempt Bonds",2025
"Cambrian Building H - Rental",Burlington,40,"Champlain Housing Trust",Evernorth,40,"New construction","$20,000",State,2025
"East Creek Commons",Rutland,35,"Housing Trust of Rutland County",,35,"New construction, Rehabilitation, Acquisition","$105,000",State,2025
Hedding-Church-Forest,Randolph,32,"Randolph Area Community Development Corp.",,32,"New construction, Rehabilitation, Acquisition","$160,000",State,2025
"Arlington Village Center",Arlington,30,"Shires Housing",Evernorth,30,Rehabilitation,"$90,000",State,2025
"Whitcomb Woods","Essex Junction",64,"Cathedral Square Corp.",,64,Rehabilitation,"$25,000",State,2025
"133 Forest Street",Rutland,30,"Housing Trust of Rutland County",Evernorth,24,"New construction","$751,802",Federal,2025
"Stonecrop Meadow",Middlebury,35,"Green Mountain Development Group","Green Mountain Development Group",22,"New construction","$1,060,000",Federal,2025
"Packard Court","St. Johnsbury",30,RuralEdge,Evernorth,24,"New construction","$1,055,000",Federal,2025
"Post Apartments",Burlington,38,"Champlain Housing Trust",Evernorth,30,"New construction","$757,051","Tax Exempt Bonds",2024
"Post Apartments",Burlington,38,"Champlain Housing Trust",Evernorth,30,"New construction","$103,000",State,2024
"Marsh House",Waterbury,26,"Downstreet Housing and Community Development",Evernorth,20,"New construction","$930,000",Federal,2024
Mellishwood,Woodstock,39,"Twin Pines Housing Trust",,37,"New construction, Rehabilitation, Acquisition","$1,060,661",Federal,2024
"Marble Village","West Rutland",24,"Housing Trust of Rutland County",Evernorth,18,"New construction","$958,000",Federal,2024
"Alice Holway Drive",Putney,25,"Windham and Windsor Housing Trust",Evernorth,19,"New construction","$997,500",Federal,2024
"Fox Run",Berlin,30,"Downstreet Housing and Community Development",Evernorth,24,"New construction","$704,550",Federal,2024
"Bardwell House and Lake Street Apartments",Rutland,106,"Champlain Steele",,106,Rehabilitation,"$778,121","Tax Exempt Bonds",2023
"Burkland Lane (West Burke Housing)","West Burke",23,RuralEdge,Evernorth,23,"New construction","$289,000","Tax Exempt Bonds",2023
"Zephyr Place",Williston,72,"Champlain Housing Trust",Evernorth,64,Rehabilitation,"$430,010","Tax Exempt Bonds",2023
"Clark Canal Phelps",Brattleboro,26,"Windham and Windsor Housing Trust","Windham and Windsor Housing Trust",21,Rehabilitation,"$259,500","Tax Exempt Bonds",2023
"Fort Apartments",Winooski,65,"Champlain Housing Trust",Evernorth,50,Rehabilitation,"$217,289","Tax Exempt Bonds",2023
"Gordon Lane",Morrisville,25,"Lamoille Housing Partnership",Evernorth,16,"New construction","$326,291","Tax Exempt Bonds",2023
"Norton House",Bennington,9,"Shires Housing","Shires Housing",9,Rehabilitation,"$161,081","Tax Exempt Bonds",2023
"Randolph House",Randolph,48,"Randolph Area Community Development Corp.",,48,"Rehabilitation, Acquisition","$508,664","Tax Exempt Bonds",2023
"Waterside Apartments",Burlington,40,"Champlain Housing Trust",,32,Rehabilitation,"$298,658","Tax Exempt Bonds",2023
"Wells River Historic Housing",Newbury,29,"Downstreet Housing and Community Development",Evernorth,25,Rehabilitation,"$191,471","Tax Exempt Bonds",2023
"Salisbury Square II",Randolph,12,"Randolph Area Community Development Corp.",,12,"New construction","$259,354","Tax Exempt Bonds",2023
"Salisbury Square II",Randolph,12,"Randolph Area Community Development Corp.",,12,"New construction","$100,000",State,2023
"Reid Commons","St. Albans",33,"Cathedral Square Corp.",,28,"New construction","$560,000","Tax Exempt Bonds",2023
"Reid Commons","St. Albans",33,"Cathedral Square Corp.",,28,"New construction","$52,000",State,2023
"Kelley's Field II",Hinesburg,24,"Cathedral Square Corp.",Evernorth,22,"New construction","$135,000",State,2023
"Mahoney Grove",Rutland,22,"Green Mountain Development Group","Green Mountain Development Group",22,"Rehabilitation, Acquisition","$349,817","Tax Exempt Bonds",2023
"Mahoney Grove",Rutland,22,"Green Mountain Development Group","Green Mountain Development Group",22,"Rehabilitation, Acquisition","$115,000",State,2023
"Salisbury Square II",Randolph,12,"Randolph Area Community Development Corp.",,12,"New construction","$50,000",State,2023
"Bay Ridge Rental",Shelburne,68,"Champlain Housing Trust",Evernorth,58,"New construction, Rehabilitation","$200,000",State,2023
"Little Creek",Vergennes,55,"Addison County Community Trust",Evernorth,52,Rehabilitation,"$50,000",State,2023
"Summit at O'Brien Farms - Lot 10","South Burlington",47,"Green Mountain Development Group",,39,"New construction","$115,000",State,2023
"Riverwalk (Prospect Street)",Hartford,42,"Twin Pines Housing Trust",Evernorth,30,"New construction","$892,500",Federal,2023
"O'Brien Farms - Lot 11","South Burlington",47,"Green Mountain Development Group",,32,"New construction","$518,022",Federal,2023
"Central and Main Apartments",Windsor,30,"Windham and Windsor Housing Trust",Evernorth,23,"New construction","$897,625",Federal,2023
"Woodlawn Station",Manchester,27,"Shires Housing",,25,"Rehabilitation, Acquisition","$207,873","Tax Exempt Bonds",2022
"Whitney Hill",Williston,44,"Cathedral Square Corp.",Evernorth,37,"New construction, Rehabilitation, Acquisition","$244,160","Tax Exempt Bonds",2022
"Dover Place","South Burlington",43,"Dover Place Investments, LLC","Dover Place Investments, LLC",43,"New construction","$453,820","Tax Exempt Bonds",2022
"Randolph House",Randolph,48,"Randolph Area Community Development Corp.",,48,"Rehabilitation, Acquisition","$150,000",State,2022
"Tuttle Block",Rutland,16,"Rutland County Community Land Trust",Evernorth,16,Rehabilitation,"$80,000",State,2022
"Clark Canal Phelps",Brattleboro,26,"Windham and Windsor Housing Trust","Windham and Windsor Housing Trust",21,Rehabilitation,"$20,000",State,2022
"O'Brien Farms - Lot 11","South Burlington",47,"Green Mountain Development Group",,32,"New construction","$447,978",Federal,2022
"Village Center",Morrisville,30,"Lamoille Housing Partnership",Evernorth,24,"New construction","$515,486",Federal,2022
"Stuart Ave",Colchester,36,"Champlain Housing Trust",Evernorth,24,"New construction","$765,000",Federal,2022
"Firehouse Apts",Bristol,20,"Addison County Community Trust",Evernorth,15,"New construction","$518,500",Federal,2022
"Bayview Crossing","South Hero",30,"Cathedral Square Corp.","Cathedral Square Corp.",24,"New construction","$23,702",Federal,2022
"Burkland Lane (West Burke Housing)","West Burke",23,RuralEdge,Evernorth,23,"New construction","$25,000",State,2022
"Wells River Historic Housing",Newbury,29,"Downstreet Housing and Community Development",Evernorth,25,Rehabilitation,"$55,000",State,2022
"Bellows Falls Garage","Bellows Falls",26,"Windham and Windsor Housing Trust","Windham and Windsor Housing Trust",20,"New construction","$720,500",Federal,2022
"Village Center",Morrisville,30,"Lamoille Housing Partnership",Evernorth,24,"New construction","$78,514",Federal,2021
"Bayview Crossing","South Hero",30,"Cathedral Square Corp.","Cathedral Square Corp.",24,"New construction","$735,498",Federal,2021
"Wentworth Community Housing II","White River Junction",21,"Twin Pines Housing Trust",Evernorth,16,"New construction","$494,500",Federal,2021
"Wells River Historic Housing",Newbury,29,"Downstreet Housing and Community Development",Evernorth,25,Rehabilitation,"$70,000",State,2021
"Red Clover II",Brattleboro,18,"Brattleboro Housing Authority",Evernorth,13,"New construction","$393,750",Federal,2021
"Parc Terrace",Winooski,46,"Green Mountain Development Group","Green Mountain Development Group",33,"New construction","$925,000",Federal,2021
"Norton House",Bennington,9,"Shires Housing","Shires Housing",9,Rehabilitation,"$150,000",State,2021
"Lincoln Place",Rutland,19,"Housing Trust of Rutland County","Housing Trust of Rutland County",19,Rehabilitation,"$418,000",Federal,2021
"Dover Place","South Burlington",43,"Dover Place Investments, LLC","Dover Place Investments, LLC",43,"New construction","$50,000",State,2021
"Clark Canal Phelps",Brattleboro,26,"Windham and Windsor Housing Trust","Windham and Windsor Housing Trust",21,Rehabilitation,"$65,000",State,2021
"Burkland Lane (West Burke Housing)","West Burke",23,RuralEdge,Evernorth,23,"New construction","$65,000",State,2021
"Chicken Bone Neighborhood Housing",Burlington,60,"Champlain Housing Trust",Evernorth,59,Rehabilitation,"$241,071","Tax Exempt Bonds",2021
"Governor Prouty",Newport,24,,RuralEdge,24,Rehabilitation,"$99,366","Tax Exempt Bonds",2021
"Juniper House North",Burlington,22,,"Cathedral Square Corp.",22,"New construction","$188,125","Tax Exempt Bonds",2021
"New Avenue Apartments (Depot Square)","St. Johnsbury",38,RuralEdge,Evernorth,36,Rehabilitation,"$222,861",Federal,2021
"Stimson & Graves (Chase Block)",Waterbury,14,"Downstreet Housing and Community Development",Evernorth,14,Rehabilitation,"$58,569","Tax Exempt Bonds",2021
"Woolson Block",Springfield,20,"Springfield Housing Authority",Evernorth,19,Rehabilitation,"$60,038",Federal,2020
"New Avenue Apartments (Depot Square)","St. Johnsbury",38,RuralEdge,Evernorth,36,Rehabilitation,"$579,412",Federal,2020
"John's River","Derby Line",23,RuralEdge,RuralEdge,23,Rehabilitation,"$107,708","Tax Exempt Bonds",2020
"Appletree Apartments","Fair Haven",40,,"Housing Trust of Rutland County",40,Rehabilitation,"$345,368","Tax Exempt Bonds",2020
"Hunt Farm",Bristol,9,Evernorth,"Addison County Community Trust",9,Rehabilitation,"$82,472","Tax Exempt Bonds",2020
"Manchester Knoll (Woodland Station)",Manchester,20,"Shires Housing",Evernorth,15,"New construction","$150,000",State,2020
"Governor Prouty",Newport,24,,RuralEdge,24,Rehabilitation,"$10,630",State,2020
"Stimson & Graves (Chase Block)",Waterbury,14,"Downstreet Housing and Community Development",Evernorth,14,Rehabilitation,"$96,167",State,2020
"Juniper House North",Burlington,22,,"Cathedral Square Corp.",22,"New construction","$118,500",State,2020
"Vergennes Community Housing",Vergennes,24,"Addison County Community Trust",Evernorth,17,"New construction","$505,000",Federal,2020
"Congress Street Apartments","St. Albans",30,"Champlain Housing Trust",Evernorth,22,"New construction","$510,000",Federal,2020
"Lake Paran Village Apartments",Shaftsbury,22,,"Shires Housing",16,"New construction","$580,500",Federal,2020
"Juniper House South",Burlington,48,,"Cathedral Square Corp.",38,"New construction","$990,000",Federal,2020
"John's River","Derby Line",23,RuralEdge,RuralEdge,23,Rehabilitation,"$65,000",State,2019
"Winooski River Apts (fka Bailey, Baldwin, Barre Sts)",Montpelier,15,"Downstreet Housing and Community Development","Downstreet Housing and Community Development",13,Rehabilitation,"$91,913","Tax Exempt Bonds",2019
"South Burlington City Center (Garden Street Apartments)","South Burlington",60,"Champlain Housing Trust",Evernorth,42,"New construction","$777,000",Federal,2019
"Appletree Apartments","Fair Haven",40,,"Housing Trust of Rutland County",40,Rehabilitation,"$155,000",State,2019
"Chicken Bone Neighborhood Housing",Burlington,60,"Champlain Housing Trust",Evernorth,59,Rehabilitation,"$125,000",State,2019
"Woolson Block",Springfield,20,"Springfield Housing Authority",Evernorth,19,Rehabilitation,"$445,000",Federal,2019
"Manchester Knoll (Woodland Station)",Manchester,20,"Shires Housing",Evernorth,15,"New construction","$214,057","Tax Exempt Bonds",2019
"Snow Block",Brattleboro,23,"Windham and Windsor Housing Trust","Windham and Windsor Housing Trust",18,"New construction","$573,900",Federal,2019
"Hunt Farm",Bristol,9,Evernorth,"Addison County Community Trust",9,Rehabilitation,"$55,000",State,2019
"Olivia Place",Lyndonville,20,RuralEdge,Evernorth,16,"New construction","$465,000",Federal,2019
"Casavant Apartments",Winooski,39,"Green Mountain Development Group",,27,"New construction","$697,707",Federal,2019
"South Burlington City Center (Garden Street Apartments)","South Burlington",60,"Champlain Housing Trust",Evernorth,42,"New construction","$770,000",Federal,2019
"Pleasant Hills",Bristol,16,Evernorth,"Addison County Community Trust",16,Rehabilitation,"$105,000","Tax Exempt Bonds",2019
"Winooski River Apts (fka Bailey, Baldwin, Barre Sts)",Montpelier,15,"Downstreet Housing and Community Development","Downstreet Housing and Community Development",13,Rehabilitation,"$95,300",State,2018
"Laurentide Apartments",Burlington,76,"Champlain Housing Trust",Evernorth,52,"New construction","$1,380,000",Federal,2018
"Taylor Street",Montpelier,30,"Downstreet Housing and Community Development",Evernorth,19,"New construction","$450,000",Federal,2018
"Wentworth Community Housing",Hartford,30,"Twin Pines Housing Trust",Evernorth,21,"New construction","$645,000",Federal,2018
"Sugarwood Apartments",Middlebury,12,,"Green Mountain Development Group",12,Rehabilitation,"$20,000",State,2018
"Great River Terrace",Brattleboro,22,,"Windham and Windsor Housing Trust",21,Rehabilitation,"$64,600",State,2018
"Great River Terrace",Brattleboro,22,,"Windham and Windsor Housing Trust",21,Rehabilitation,"$158,709","Tax Exempt Bonds",2018
"Allard Square","South Burlington",39,,"Cathedral Square Corp.",29,"New construction","$719,000",Federal,2018
"Monument View Apartments",Bennington,24,"Shires Housing",Evernorth,22,"New construction","$525,000",Federal,2018
"South Meadow",Burlington,64,"Champlain Housing Trust",Evernorth,64,"New construction, Rehabilitation","$347,999","Tax Exempt Bonds",2017
"Applegate Apartments",Bennington,104,,Evernorth,74,"Rehabilitation, Acquisition","$285,000","Tax Exempt Bonds",2017
"The Briars (Briars Housing II)",Hartford,24,,Evernorth,20,"Rehabilitation, Acquisition","$110,405","Tax Exempt Bonds",2017
"Brattleboro Neighborhood Housing (PE 3)",Brattleboro,29,,"Windham and Windsor Housing Trust",,Rehabilitation,"$231,533","Tax Exempt Bonds",2017
"Milton Senior - Elm Place",Milton,30,,"Cathedral Square Corp.",,"New construction","$143,104",Federal,2017
"Sugarwood Apartments",Middlebury,12,,"Green Mountain Development Group",12,Rehabilitation,"$40,000",State,2017
"South Meadow",Burlington,64,"Champlain Housing Trust",Evernorth,64,"New construction, Rehabilitation","$60,000",State,2017
"Applegate Apartments",Bennington,104,,Evernorth,74,"Rehabilitation, Acquisition","$75,000",State,2017
"The Briars (Briars Housing II)",Hartford,24,,Evernorth,20,"Rehabilitation, Acquisition","$95,000",State,2017
"Hickory Street (Forest Park) - Phase II",Rutland,45,"Rutland Housing Authority",Evernorth,39,,"$75,000",State,2017
"Jeudevine Housing",Hardwick,18,"Lamoille Housing Partnership",Evernorth,18,Rehabilitation,"$250,000",Federal,2017
"Hickory Street (Forest Park) - Phase III",Rutland,22,"Rutland Housing Authority",Evernorth,21,"New construction","$485,100",Federal,2017
"Colonial Village",Bradford,21,,"Downstreet Housing and Community Development",21,Rehabilitation,"$55,000",State,2017
"Colonial Village",Bradford,21,,"Downstreet Housing and Community Development",21,Rehabilitation,"$208,276","Tax Exempt Bonds",2017
"Bridge & Main","White River Junction",17,,"Railroad Row LLC",16,"New construction","$369,300",Federal,2017
"Battenkill North",Arlington,22,"Shires Housing",Evernorth,21,Rehabilitation,"$380,500",Federal,2017
"Hollister Hill",Marshfield,16,,"Housing Foundation Inc., The",16,"New construction","$355,950",Federal,2017
"French Block",Montpelier,18,,"Downstreet Housing and Community Development",13,Rehabilitation,"$340,000",Federal,2017
"Bailey, Baldwin, Barre Sts (Winooski River Apts)",Montpelier,15,"Downstreet Housing and Community Development",,11,Rehabilitation,"$95,300",State,2017
"Bailey, Baldwin, Barre Sts (Winooski River Apts)",Montpelier,15,"Downstreet Housing and Community Development",,11,Rehabilitation,"$104,679","Tax Exempt Bonds",2017
"Sugarwood Apartments",Middlebury,12,,"Green Mountain Development Group",12,Rehabilitation,"$59,884","Tax Exempt Bonds",2017
"Parkview Apartments",Newport,12,,RuralEdge,12,Rehabilitation,"$83,100",State,2017
"Parkview Apartments",Newport,12,,RuralEdge,12,Rehabilitation,"$112,475","Tax Exempt Bonds",2017
"Heritage Court",Poultney,17,,"Housing Trust of Rutland County",16,Rehabilitation,"$52,000",State,2017
"Heritage Court",Poultney,17,,"Housing Trust of Rutland County",16,Rehabilitation,"$106,964","Tax Exempt Bonds",2017
"Putney Landing",Putney,25,Evernorth,"Windham and Windsor Housing Trust",23,"New construction","$585,000",Federal,2017
"Hardwick Housing",Hardwick,7,,"Northern Community Investment Corporation",7,"New construction","$250,000",Federal,2017
"Darling Inn",Lyndonville,28,,RuralEdge,,Rehabilitation,"$117,680","Tax Exempt Bonds",2016
"Adams House","Fair Haven",13,,"Rutland County Community Land Trust",13,Rehabilitation,"$65,161","Tax Exempt Bonds",2016
"Barre Street Apartments",Montpelier,19,,"Downstreet Housing and Community Development",17,"Rehabilitation, Acquisition","$92,607","Tax Exempt Bonds",2016
"Kelley's Field",Hinesburg,24,,"Cathedral Square Corp.",24,"Rehabilitation, Acquisition","$134,000","Tax Exempt Bonds",2016
"Winchester Pl",Colchester,166,"Champlain Housing Trust",Evernorth,75,"New construction","$233,740","Tax Exempt Bonds",2016
"Bennington Historic Rehabilitation Project (Shires BHRP)",Bennington,26,,"Shires Housing",23,Rehabilitation,"$141,873","Tax Exempt Bonds",2016
"Gevry MHP (McKnight Lane)",Waltham,14,,"Addison County Community Trust",14,"New construction","$231,000",Federal,2016
"Milton Senior - Elm Place",Milton,30,,"Cathedral Square Corp.",,"New construction","$513,896",Federal,2016
"95 North Avenue",Burlington,14,Evernorth,"Committee on Temporary Shelter",,"New construction","$190,104",Federal,2016
"Bright Street",Burlington,42,Evernorth,"Champlain Housing Trust",,Rehabilitation,"$825,000",Federal,2016
"Bennington Historic Rehabilitation Project (Shires BHRP)",Bennington,26,,"Shires Housing",23,Rehabilitation,"$95,000",State,2016
"Darling Inn",Lyndonville,28,,RuralEdge,,Rehabilitation,"$52,600",State,2016
"Bright Street",Burlington,42,Evernorth,"Champlain Housing Trust",,Rehabilitation,"$39,900",State,2016
"Brattleboro Neighborhood Housing (PE 3)",Brattleboro,29,,"Windham and Windsor Housing Trust",,Rehabilitation,"$129,000",State,2016
"Winchester Pl",Colchester,166,"Champlain Housing Trust",Evernorth,75,"New construction","$37,500",State,2016
"Adams House","Fair Haven",13,,"Rutland County Community Land Trust",13,Rehabilitation,"$46,000",State,2016
"Green Street Village Apartments",Hinesburg,24,"Champlain Housing Trust",Evernorth,22,"New construction","$405,000",Federal,2016
"Richmond Terrace",Richmond,15,,"Cathedral Square Corp.",14,"Rehabilitation, Acquisition","$65,000","Tax Exempt Bonds",2016
"Valley View II Apts",Vergennes,12,"Housing Foundation Inc., The",,12,"Rehabilitation, Acquisition","$67,748","Tax Exempt Bonds",2015
"Cobblestone Neighborhood Housing",Brattleboro,29,,,27,"Rehabilitation, Acquisition","$125,891","Tax Exempt Bonds",2015
"Ladd Hall (South Main Apartments)",Waterbury,27,"Downstreet Housing and Community Development",Evernorth,21,"New construction, Rehabilitation, Acquisition","$44,104",Federal,2015
"95 North Avenue",Burlington,14,Evernorth,"Committee on Temporary Shelter",,"New construction","$154,646",Federal,2015
"Hartford Scattered Sites",Hartford,34,,"Twin Pines Housing Trust",31,"Rehabilitation, Acquisition","$625,000",Federal,2015
"Winchester Pl",Colchester,166,"Champlain Housing Trust",Evernorth,75,"New construction","$2,500",State,2015
"Putney & Brattleboro Housing Opportunities",Brattleboro,25,,,23,"Rehabilitation, Acquisition","$330,000",Federal,2015
"Barre Street Apartments",Montpelier,19,,"Downstreet Housing and Community Development",17,"Rehabilitation, Acquisition","$100,000",State,2015
"Red Clover Commons",Brattleboro,55,"Brattleboro Housing Authority",Evernorth,55,"New construction","$845,250",Federal,2015
"Hartford Scattered Sites",Hartford,34,,"Twin Pines Housing Trust",31,"Rehabilitation, Acquisition","$100,000",State,2015
"Safford Commons",Woodstock,28,Evernorth,,23,"Rehabilitation, Acquisition","$37,500",Federal,2015
"Kelley's Field",Hinesburg,24,,"Cathedral Square Corp.",24,"Rehabilitation, Acquisition","$40,000",State,2015
"Summer Street Apartments",Barre,28,,"Downstreet Housing and Community Development",27,"New construction","$643,500",Federal,2015
"Green Street Village Apartments",Hinesburg,24,"Champlain Housing Trust",Evernorth,22,"New construction","$50,000",State,2015
"Richmond Terrace",Richmond,15,,"Cathedral Square Corp.",14,"Rehabilitation, Acquisition","$32,500",State,2015
"Summer Street Apartments",Barre,28,,"Downstreet Housing and Community Development",27,"New construction","$75,000",State,2015
"Barre Street Apartments",Montpelier,19,,"Downstreet Housing and Community Development",17,"Rehabilitation, Acquisition","$90,000","Tax Exempt Bonds",2015
"Richmond Terrace",Richmond,15,,"Cathedral Square Corp.",14,"Rehabilitation, Acquisition","$68,268","Tax Exempt Bonds",2014
"Rail City Family Housing","St. Albans",31,"Champlain Housing Trust",Evernorth,28,Acquisition,"$116,387","Tax Exempt Bonds",2014
"Maple Street Senior Apts",Hardwick,16,,Evernorth,16,"Rehabilitation, Acquisition","$61,199","Tax Exempt Bonds",2014
"Watkins School & Carriage House Apts",Rutland,15,"Housing Trust of Rutland County","Housing Trust of Rutland County",15,"New construction, Rehabilitation","$18,000",Federal,2014
"Wright House",Shelburne,36,,"Cathedral Square Corp.",31,"New construction","$451,317",Federal,2014
"Bobbin Mill",Burlington,51,"Burlington Housing Authority",Evernorth,51,"Rehabilitation, Acquisition","$740,250",Federal,2014
"Cobblestone Neighborhood Housing",Brattleboro,29,,,27,"Rehabilitation, Acquisition","$114,500",State,2014
"Hinesburg Village Housing",Hinesburg,21,"Champlain Housing Trust",Evernorth,19,"New construction","$45,000",State,2014
"Benson Heights",Benson,15,"Housing Trust of Rutland County","Housing Trust of Rutland County",15,"Rehabilitation, Acquisition","$22,500",State,2014
"North Pleasant Street",Middlebury,22,"Addison County Community Trust",Evernorth,21,"New construction, Rehabilitation, Acquisition","$395,000",Federal,2014
"Benson Heights",Benson,15,"Housing Trust of Rutland County","Housing Trust of Rutland County",15,"Rehabilitation, Acquisition","$93,271","Tax Exempt Bonds",2014
"North Pleasant Street",Middlebury,22,"Addison County Community Trust",Evernorth,21,"New construction, Rehabilitation, Acquisition","$58,000",State,2014
"Ladd Hall (South Main Apartments)",Waterbury,27,"Downstreet Housing and Community Development",Evernorth,21,"New construction, Rehabilitation, Acquisition","$386,396",Federal,2014
"Valley View II Apts",Vergennes,12,"Housing Foundation Inc., The",,12,"Rehabilitation, Acquisition","$65,000",State,2014
"Harrington Village",Shelburne,42,"Champlain Housing Trust",Evernorth,36,"New construction","$25,000",State,2014
"Safford Commons",Woodstock,28,Evernorth,,23,"Rehabilitation, Acquisition","$650,000",Federal,2014
"Maple Street Senior Apts",Hardwick,16,,Evernorth,16,"Rehabilitation, Acquisition","$25,000",State,2014
"Ladd Hall (South Main Apartments)",Waterbury,27,"Downstreet Housing and Community Development",Evernorth,21,"New construction, Rehabilitation, Acquisition","$45,000",State,2014
Arthurs,Morrisville,18,"Lamoille Housing Partnership",Evernorth,12,"Rehabilitation, Acquisition","$75,000",State,2013
"Wright House",Shelburne,36,,"Cathedral Square Corp.",31,"New construction","$290,533",Federal,2013
"Lamoille View",Morrisville,25,"Lamoille Housing Partnership",Evernorth,25,"Rehabilitation, Acquisition","$107,000","Tax Exempt Bonds",2013
"Hickory Street (Forest Park) - Phase II",Rutland,45,"Rutland Housing Authority",Evernorth,39,,"$493,500",Federal,2013
"Harrington Village",Shelburne,42,"Champlain Housing Trust",Evernorth,36,"New construction","$735,000",Federal,2013
"West River Valley - Assisted Living II",Townshend,12,"Valley Cares",Evernorth,6,"New construction","$122,057",Federal,2013
"Black River Overlook",Ludlow,25,,Evernorth,25,"New construction","$343,000",Federal,2013
Arthurs,Morrisville,18,"Lamoille Housing Partnership",Evernorth,12,"Rehabilitation, Acquisition","$252,000",Federal,2013
"Maple Street Senior Apts",Hardwick,16,,Evernorth,16,"Rehabilitation, Acquisition","$54,200","Tax Exempt Bonds",2013
"Black River Overlook",Ludlow,25,,Evernorth,25,"New construction","$34,000",State,2013
"Cobblestone Neighborhood Housing",Brattleboro,29,,,27,"Rehabilitation, Acquisition","$122,000","Tax Exempt Bonds",2013
"Lamoille View",Morrisville,25,"Lamoille Housing Partnership",Evernorth,25,"Rehabilitation, Acquisition","$52,000",State,2013
"Packard Lofts",Burlington,25,,"Hartland Group, The",5,"Rehabilitation, Acquisition","$105,000",State,2013
"Packard Lofts",Burlington,25,,"Hartland Group, The",5,"Rehabilitation, Acquisition","$42,000","Tax Exempt Bonds",2013
"Harrington Village",Shelburne,42,"Champlain Housing Trust",Evernorth,36,"New construction","$69,000",State,2013
"Watkins School & Carriage House Apts",Rutland,15,"Housing Trust of Rutland County","Housing Trust of Rutland County",15,"New construction, Rehabilitation","$360,000",Federal,2013
"Valley View II Apts",Vergennes,12,"Housing Foundation Inc., The",,12,"Rehabilitation, Acquisition","$70,000","Tax Exempt Bonds",2013
"Bobbin Mill",Burlington,51,"Burlington Housing Authority",Evernorth,51,"Rehabilitation, Acquisition","$65,000",State,2013
"58 Barre Street Senior Housing",Montpelier,12,,"Capital City Housing Foundation Inc",12,Rehabilitation,"$69,014","Tax Exempt Bonds",2012
"West River Valley - Assisted Living II",Townshend,12,"Valley Cares",Evernorth,6,"New construction","$17,943",Federal,2012
"Erastus Thayer House",Brandon,9,,Evernorth,8,Rehabilitation,"$435,000",Federal,2012
"Bennington Family Housing",Bennington,26,"Shires Housing",Evernorth,22,"New construction, Rehabilitation","$95,000",State,2012
"City Neighborhoods",Burlington,40,"Champlain Housing Trust",Evernorth,40,"Rehabilitation, Acquisition","$407,400",Federal,2012
"City Neighborhoods",Burlington,40,"Champlain Housing Trust",Evernorth,40,"Rehabilitation, Acquisition","$55,000",State,2012
"Wharf Lane",Burlington,37,Evernorth,"Burlington Housing Authority",37,"Rehabilitation, Acquisition","$504,000",Federal,2012
"Algiers Village",Guilford,17,,Evernorth,14,"New construction","$371,000",Federal,2012
"Wharf Lane",Burlington,37,Evernorth,"Burlington Housing Authority",37,"Rehabilitation, Acquisition","$70,000",State,2012
"Abenaki Acres",Swanton,12,,"Housing Foundation Inc., The",12,"Rehabilitation, Acquisition","$65,000",State,2012
"Chester Gage",Chester,12,,,12,"Rehabilitation, Acquisition","$40,000",State,2012
"Bennington Family Housing",Bennington,26,"Shires Housing",Evernorth,22,"New construction, Rehabilitation","$395,000",Federal,2012
"Thayer Senior Housing - Phase I",Burlington,33,,"Cathedral Square Corp.",27,"New construction","$20,000",State,2012
"Algiers Village",Guilford,17,,Evernorth,14,"New construction","$35,000",State,2012
"Brandon Scattered Site",Brandon,27,,"Housing Trust of Rutland County",25,"Rehabilitation, Acquisition","$435,000",Federal,2012
"St Johnsbury Historic Green Rehab","St. Johnsbury",29,RuralEdge,Evernorth,29,Rehabilitation,"$350,000",Federal,2012
"Avenue Apartments",Burlington,33,"Champlain Housing Trust",Evernorth,28,"New construction","$20,000",State,2012
"Avenue Apartments",Burlington,33,"Champlain Housing Trust",Evernorth,28,"New construction","$50,715",Federal,2012
"Spring, Elliot & Valgar Streets",Brattleboro,28,,,27,"Rehabilitation, Acquisition","$56,000",State,2011
"Pine Meadow",Middlebury,30,"Addison County Community Trust",Evernorth,24,"New construction","$85,250",Federal,2011
"Windsor Village",Windsor,77,"Rockingham Area Community Land Trust",Evernorth,77,"Rehabilitation, Acquisition","$245,000",Federal,2011
"Windsor Village",Windsor,77,"Rockingham Area Community Land Trust",Evernorth,77,"Rehabilitation, Acquisition","$30,000",State,2011
"Ellis Block",Springfield,9,"Rockingham Area Community Land Trust",Evernorth,9,"Rehabilitation, Acquisition","$50,000",State,2011
"Avenue Apartments",Burlington,33,"Champlain Housing Trust",Evernorth,28,"New construction","$584,285",Federal,2011
"Hickory Street (Forest Park) - Phase II",Rutland,45,"Rutland Housing Authority",Evernorth,39,,"$50,000",State,2011
"Stanislaus Housing",Rutland,21,,"Rutland County Community Land Trust",20,"Rehabilitation, Acquisition","$59,000",State,2011
"Cedar's Edge Apartments","Essex Junction",30,"Champlain Housing Trust",Evernorth,25,"New construction","$55,000",State,2011
"Alburgh Family Housing",Alburg,13,"Champlain Housing Trust",Evernorth,13,,"$52,000",State,2011
"Thayer Senior Housing - Phase I",Burlington,33,,"Cathedral Square Corp.",27,"New construction","$525,000",Federal,2011
,,,,,,,"$385,929",Federal,2011
"Morrisville Community Housing",Morrisville,16,"Downstreet Housing and Community Development",Evernorth,16,"Rehabilitation, Acquisition","$279,000",Federal,2011
"Safford Commons",Woodstock,28,Evernorth,,23,"Rehabilitation, Acquisition","$550,000",Federal,2011
"Hickory Street (Forest Park) - Phase I",Rutland,33,"Rutland Housing Authority",Evernorth,26,,"$519,750",Federal,2011
"Upper Story Housing",Brattleboro,24,,Evernorth,19,"New construction","$155,500",Federal,2011
"Hawk's Meadow",Essex,49,"Dousevicz Inc.",,44,"New construction","$385,929",Federal,2011
"Pine Manor Senior Housing",Alburg,16,"Champlain Housing Trust",Evernorth,16,,"$20,000",State,2011
,,,,,,,"$385,929",Federal,2011
"Cedar's Edge Apartments","Essex Junction",30,"Champlain Housing Trust",Evernorth,25,"New construction","$51,010",Federal,2011
"Newport Family",Newport,21,RuralEdge,Evernorth,21,"New construction, Rehabilitation, Acquisition","$390,000",Federal,2011
"Johnson Community Housing",Johnson,28,"Lamoille Housing Partnership",Evernorth,26,"New construction, Rehabilitation, Acquisition","$492,000",Federal,2010
"Bellows Falls Family - Williams and South","Bellows Falls",17,"Rockingham Area Community Land Trust",Evernorth,17,"Rehabilitation, Acquisition","$29,400",State,2010
"Ellis Block",Springfield,9,"Rockingham Area Community Land Trust",Evernorth,9,"Rehabilitation, Acquisition","$115,500",Federal,2010
"Pleasant Street Apartments - Rehab",Enosburg,24,"Champlain Housing Trust",Evernorth,24,"Rehabilitation, Acquisition","$95,191","Tax Exempt Bonds",2010
"Salisbury Square",Randolph,12,"Randolph Area Community Development Corp.",,12,"New construction","$320,000",Federal,2010
"Upper Story Housing",Brattleboro,24,,Evernorth,19,"New construction","$22,250",Federal,2010
"River Bend Apartments",Enosburg,30,,"Housing Foundation Inc., The",30,"Rehabilitation, Acquisition","$118,457","Tax Exempt Bonds",2010
"Bellows Falls Family - Williams and South","Bellows Falls",17,"Rockingham Area Community Land Trust",Evernorth,17,"Rehabilitation, Acquisition","$117,939","Tax Exempt Bonds",2010
"Stanislaus Housing",Rutland,21,,"Rutland County Community Land Trust",20,"Rehabilitation, Acquisition","$115,000","Tax Exempt Bonds",2010
"Cathedral Square Senior Living",Burlington,108,,"Cathedral Square Corp.",92,"Rehabilitation, Acquisition","$188,029","Tax Exempt Bonds",2010
"Pine Manor Senior Housing",Alburg,16,"Champlain Housing Trust",Evernorth,16,,"$68,094","Tax Exempt Bonds",2010
"Missisquoi Manor Senior",Richford,24,"Richford Renaissance Inc.",Evernorth,24,"Rehabilitation, Acquisition","$54,400","Tax Exempt Bonds",2010
"Cedar's Edge Apartments","Essex Junction",30,"Champlain Housing Trust",Evernorth,25,"New construction","$406,990",Federal,2010
"Vergennes Senior Housing",Vergennes,25,"Addison County Community Trust",Evernorth,20,"New construction","$355,000",Federal,2010
"Grand Way Commons II","South Burlington",28,,"Cathedral Square Corp.",28,"New construction","$137,500","Tax Exempt Bonds",2010
,,,,,,,"$384,300",Federal,2010
,,,,,,,"$384,300",Federal,2010
"Canal Street Veterans Housing",Winooski,28,"Committee on Temporary Shelter",Evernorth,28,"New construction","$384,300",Federal,2010
"Alburgh Family Housing",Alburg,13,"Champlain Housing Trust",Evernorth,13,,"$54,960",Federal,2010
"Pine Meadow",Middlebury,30,"Addison County Community Trust",Evernorth,24,"New construction","$434,500",Federal,2009
"Armory Square",Windsor,58,"Rockingham Area Community Land Trust",Evernorth,51,Rehabilitation,"$12,464",Federal,2009
"Brookside Residential Apartments","St. Albans",37,"Homestead Design Inc.",,37,"New construction","$692,067",Federal,2009
"Blake Commons",Swanton,16,"Champlain Housing Trust",Evernorth,16,"New construction","$432,032",Federal,2009
"Downtown Crossing",Bennington,12,"Shires Housing",,10,"Rehabilitation, Acquisition","$2,885",Federal,2009
"A.W. Richards Housing LP",Brattleboro,21,"Brattleboro Housing Authority",Evernorth,18,"Rehabilitation, Acquisition","$170,000",Federal,2009
"Salmon Run Redevelopment",Burlington,79,"Champlain Housing Trust",Evernorth,61,"Rehabilitation, Acquisition","$328,121","Tax Exempt Bonds",2009
"A.W. Richards Housing LP",Brattleboro,21,"Brattleboro Housing Authority",Evernorth,18,"Rehabilitation, Acquisition","$345,000",Federal,2009
"Newport Senior Housing",Newport,13,RuralEdge,RuralEdge,13,"Rehabilitation, Acquisition","$95,665","Tax Exempt Bonds",2009
"Brookside Village",Colchester,42,"Champlain Housing Trust",Evernorth,36,"New construction","$585,000",Federal,2009
"Upper Story Housing",Brattleboro,24,,Evernorth,19,"New construction","$289,500",Federal,2009
"North Branch and Barre Street Rehab",Montpelier,45,"Downstreet Housing and Community Development",Evernorth,34,"Rehabilitation, Acquisition","$30,000",Federal,2009
"Bellows Falls Housing - Pine Street","Bellows Falls",11,"Rockingham Area Community Land Trust",Evernorth,11,"Rehabilitation, Acquisition","$175,352",Federal,2009
"Tontine Canal",Brattleboro,21,,,18,Rehabilitation,"$37,600",State,2009
"West River Valley - Assisted Living",Townshend,28,"Valley Cares",Evernorth,15,"New construction","$54,000",State,2009
"Wheeler Brook Housing",Warren,18,"Downstreet Housing and Community Development",Evernorth,16,"New construction","$84,660",State,2009
"Armory Square",Windsor,58,"Rockingham Area Community Land Trust",Evernorth,51,Rehabilitation,"$79,680",State,2009
"Safford Commons",Woodstock,28,Evernorth,,23,"Rehabilitation, Acquisition","$67,700",State,2009
"Armory Square",Windsor,58,"Rockingham Area Community Land Trust",Evernorth,51,Rehabilitation,"$44,820",State,2009
"Essex Senior Housing",Essex,48,"Cathedral Square Corp.",,48,"New construction","$31,875",State,2009
"Alburgh Family Housing",Alburg,13,"Champlain Housing Trust",Evernorth,13,,"$145,040",Federal,2009
"Abbott Neighborhood Housing",Brattleboro,29,,,27,"Rehabilitation, Acquisition","$283,500",Federal,2008
"Tontine Canal",Brattleboro,21,,,18,Rehabilitation,"$229,500",Federal,2008
"King Street Housing",Burlington,20,"Champlain Housing Trust",Evernorth,17,"New construction, Rehabilitation","$345,783",Federal,2008
"Rutland Scattered Site 2008 (Cottage Clover Pine)",Rutland,27,,"Rutland County Community Land Trust",25,"Rehabilitation, Acquisition","$369,600",Federal,2008
"North Branch and Barre Street Rehab",Montpelier,45,"Downstreet Housing and Community Development",Evernorth,34,"Rehabilitation, Acquisition","$260,000",Federal,2008
"Wheeler Brook Housing",Warren,18,"Downstreet Housing and Community Development",Evernorth,16,"New construction","$63,453",Federal,2008
"Armory Square",Windsor,58,"Rockingham Area Community Land Trust",Evernorth,51,Rehabilitation,"$617,116",Federal,2008
"Safford Commons",Woodstock,28,Evernorth,,23,"Rehabilitation, Acquisition","$365,500",Federal,2008
"Enosburg Falls Housing","Enosburg Falls",28,,Evernorth,25,"Rehabilitation, Acquisition","$32,500",State,2008
"Sylvan Woods Family Housing",Stowe,28,"Lamoille Housing Partnership",Evernorth,22,"New construction","$55,000",State,2008
"Willard Mill Housing","St. Albans",27,Evernorth,"Champlain Housing Trust",25,Rehabilitation,"$55,500",State,2008
"Meadowlane Apartments",Milton,36,"Housing Foundation Inc., The",,35,"Rehabilitation, Acquisition","$326,000",Federal,2008
"Esteyville Housing",Brattleboro,20,,,20,Rehabilitation,"$53,500",State,2008
"Pine Meadow",Middlebury,30,"Addison County Community Trust",Evernorth,24,"New construction","$70,000","Tax Exempt Bonds",2008
"Proctorsville Green Housing- MF Rental",Proctorsville,16,"Rockingham Area Community Land Trust",,16,"New construction, Rehabilitation","$70,719","Tax Exempt Bonds",2008
"West River Valley - Assisted Living",Townshend,28,"Valley Cares",Evernorth,15,"New construction","$60,000",State,2008
"Cummings St",Montpelier,20,,"Capital City Housing Foundation Inc",18,Acquisition,"$77,700",Federal,2008
"Downtown Crossing",Bennington,12,"Shires Housing",,10,"Rehabilitation, Acquisition","$149,494",Federal,2007
"Linden Terrace",Rutland,22,,Evernorth,20,"Rehabilitation, Acquisition","$42,775","Tax Exempt Bonds",2007
"King Street Housing",Burlington,20,"Champlain Housing Trust",Evernorth,17,"New construction, Rehabilitation","$64,217",Federal,2007
"Hardwick Family Housing",Hardwick,8,"Lamoille Housing Partnership",Evernorth,8,Rehabilitation,"$39,065","Tax Exempt Bonds",2007
"Essex Senior Housing",Essex,48,"Cathedral Square Corp.",,48,"New construction","$251,411","Tax Exempt Bonds",2007
"Willard Mill Housing","St. Albans",27,Evernorth,"Champlain Housing Trust",25,Rehabilitation,"$432,662",Federal,2007
"Rail City Apartments","St. Albans",44,"Cathedral Square Corp.","Cathedral Square Corp.",44,"Rehabilitation, Acquisition","$131,000","Tax Exempt Bonds",2007
"Wheeler Brook Housing",Warren,18,"Downstreet Housing and Community Development",Evernorth,16,"New construction","$260,000",Federal,2007
"Armory Square",Windsor,58,"Rockingham Area Community Land Trust",Evernorth,51,Rehabilitation,"$133,450","Tax Exempt Bonds",2007
"West River Valley - Assisted Living",Townshend,28,"Valley Cares",Evernorth,15,"New construction","$193,000",Federal,2007
"Bemis Block",Hardwick,14,"Lamoille Housing Partnership",Evernorth,14,Rehabilitation,"$98,000",Federal,2007
"Farrell Street Senior Housing","South Burlington",63,,"Cathedral Square Corp.",63,"New construction","$373,000","Tax Exempt Bonds",2007
"Enosburg Falls Housing","Enosburg Falls",28,,Evernorth,25,"Rehabilitation, Acquisition","$47,970",Federal,2007
"Birge & Worden Housing",Brattleboro,17,,,15,"Rehabilitation, Acquisition","$244,000",Federal,2007
"Stonewall Bianchi",Montpelier,18,"Downstreet Housing and Community Development",,17,"Rehabilitation, Acquisition","$150,000",Federal,2007
"Glover Senior Housing",Glover,12,RuralEdge,,12,"New construction, Rehabilitation","$75,755","Tax Exempt Bonds",2007
"Enosburg Falls Housing","Enosburg Falls",28,,Evernorth,25,"Rehabilitation, Acquisition","$92,500",State,2007
"West River Valley-Independent",Townshend,24,"Valley Cares",Evernorth,19,"New construction","$280,000",Federal,2007
"Passumpsic North & South","St. Johnsbury",28,,Evernorth,28,"Rehabilitation, Acquisition","$95,000","Tax Exempt Bonds",2007
,,,,,,,"$47,000",State,2007
"Callahan Housing",Burlington,28,"Champlain Housing Trust",Evernorth,28,Rehabilitation,"$267,750",Federal,2007
"Vernon Senior Housing",Vernon,24,"Vernon Senior Housing Inc.",Evernorth,17,"New construction","$29,000",State,2007
"Farrell Street Senior Housing","South Burlington",63,,"Cathedral Square Corp.",63,"New construction","$74,000",State,2007
"Sadawga Springs",Whitingham,9,,,7,"Rehabilitation, Acquisition","$47,000",State,2007
"Middlebury South Housing Limited Partnership",Middlebury,30,"Addison County Community Action Group",Evernorth,25,"New construction","$531,000",Federal,2006
"Conant Square Inn",Brandon,19,"Rutland County Community Land Trust",,19,Rehabilitation,"$77,000","Tax Exempt Bonds",2006
"Green Mountain Apartments",Northfield,30,"Vermont State Housing Authority",,29,"New construction, Rehabilitation","$103,000","Tax Exempt Bonds",2006
"Esteyville Housing",Brattleboro,20,,,20,Rehabilitation,"$140,000","Tax Exempt Bonds",2006
"Creekview Housing",Vergennes,36,,Evernorth,31,"Rehabilitation, Acquisition","$132,732","Tax Exempt Bonds",2006
"Waits River Housing",Bradford,32,"Downstreet Housing and Community Development",Evernorth,27,"Rehabilitation, Acquisition","$434,375",Federal,2006
"Groton Redevelopment",Groton,18,RuralEdge,Evernorth,18,Rehabilitation,"$125,845","Tax Exempt Bonds",2006
"Enosburg Falls Housing","Enosburg Falls",28,,Evernorth,25,"Rehabilitation, Acquisition","$461,280",Federal,2006
"Sylvan Woods Family Housing",Stowe,28,"Lamoille Housing Partnership",Evernorth,22,"New construction","$519,000",Federal,2006
"Rutland AFS Scattered Site",Rutland,13,"Rutland County Community Land Trust",,13,"New construction, Rehabilitation","$227,000",Federal,2006
"Butterfield Commons (Elderly)","West Dover",26,,,22,"New construction","$179,500","Tax Exempt Bonds",2006
"Evergreen Place",Waitsfield,18,,"Downstreet Housing and Community Development",18,"New construction, Rehabilitation","$120,000","Tax Exempt Bonds",2006
"Waits River Housing",Bradford,32,"Downstreet Housing and Community Development",Evernorth,27,"Rehabilitation, Acquisition","$62,500",State,2006
"Dorset Housing",Dorset,20,,Evernorth,16,"New construction","$34,877",Federal,2006
"Main Street Mill",Richford,12,,Evernorth,12,"Acquisition, Rehabilitation","$162,500",Federal,2006
"Conant Square Inn",Brandon,19,"Rutland County Community Land Trust",,19,Rehabilitation,"$32,500",State,2006
"Vernon Senior Housing",Vernon,24,"Vernon Senior Housing Inc.",Evernorth,17,"New construction","$143,972","Tax Exempt Bonds",2006
"Groton Redevelopment",Groton,18,RuralEdge,Evernorth,18,Rehabilitation,"$44,000",State,2006
"Evergreen Place",Waitsfield,18,,"Downstreet Housing and Community Development",18,"New construction, Rehabilitation","$106,000",State,2006
"Wall Street Apartments",Springfield,13,,Evernorth,13,"Rehabilitation, Acquisition","$78,902","Tax Exempt Bonds",2005
,,,,,,,"$61,243","Tax Exempt Bonds",2005
"Round Barn Apartments","Grand Isle",24,,"Champlain Housing Trust",24,"Rehabilitation, Acquisition","$61,243","Tax Exempt Bonds",2005
"Barlow Square (aka Central Block)",Winooski,213,,"Hall Keen LLC",98,"New construction","$2,214,260",Federal,2005
"Shelburne Interfaith Family Housing",Shelburne,18,"Champlain Housing Trust",Evernorth,16,"New construction, Rehabilitation","$8,000",Federal,2005
"Waugh Opera House","St. Albans",20,"Champlain Housing Trust",Evernorth,16,"Acquisition, Rehabilitation","$233,600",Federal,2005
"Wilder Block",Brattleboro,8,,,8,"Rehabilitation, Acquisition","$118,500",Federal,2005
"School Street Apartments",Plainfield,13,,"Vermont State Housing Authority",13,"Rehabilitation, Acquisition","$39,724","Tax Exempt Bonds",2005
"Southview Apartments",Springfield,69,"Rockingham Area Community Land Trust",Evernorth,54,"Rehabilitation, Acquisition","$360,000",Federal,2005
"Stone Hill",Middlebury,27,"Addison County Community Action Group",Evernorth,22,"New construction","$378,000",Federal,2005
"Sadawga Springs",Whitingham,9,,,7,"Rehabilitation, Acquisition","$112,350",Federal,2005
"River Station Apts",Montpelier,36,"Downstreet Housing and Community Development",Evernorth,29,"New construction","$465,000",Federal,2005
"Oak & Homestead",Brattleboro,15,,,14,Rehabilitation,"$224,000",Federal,2005
"Butterfield Commons (Elderly)","West Dover",26,,,22,"New construction","$150,000",State,2005
"Dorset Housing",Dorset,20,,Evernorth,16,"New construction","$238,123",Federal,2005
"Whetstone Housing",Brattleboro,20,,,17,"Acquisition, Rehabilitation","$82,090","Tax Exempt Bonds",2004
"Colonial Apartments",Rutland,14,"Rutland County Community Land Trust",,14,"Rehabilitation, Acquisition","$39,150","Tax Exempt Bonds",2004
"Whitcomb Terrace","Essex Junction",19,"Cathedral Square Corp.",Evernorth,15,"New construction","$168,000",Federal,2004
"Gardens at Williamstown Square II, The",Williamstown,21,,,5,"New construction","$18,310","Tax Exempt Bonds",2004
"Mad River Meadows",Waitsfield,24,"Downstreet Housing and Community Development",Evernorth,24,"Rehabilitation, Acquisition","$65,492","Tax Exempt Bonds",2004
"Roosevelt Apts",Burlington,27,,,27,"New construction","$168,370",Federal,2004
"Stony Creek",Wilder,18,,"Homestead Design Inc.",18,"New construction","$271,374",Federal,2004
"Richford Community Housing",Richford,15,,Evernorth,15,"Acquisition, Rehabilitation","$93,330","Tax Exempt Bonds",2004
,,,,,,,"$7,025",Federal,2004
,,,,,,,"$146,821","Tax Exempt Bonds",2004
"Moose River Housing","St. Johnsbury",28,RuralEdge,Evernorth,28,"Acquisition, Rehabilitation","$163,594","Tax Exempt Bonds",2004
,,,,,,,"$294,311","Tax Exempt Bonds",2004
"Peterson Pl (formerly Garden Apts)",Burlington,13,,"Burlington Housing Authority",13,"Acquisition, Rehabilitation","$32,025","Tax Exempt Bonds",2004
"Manchester Commons",Manchester,15,,"Shires Housing",10,"New construction","$8,782",Federal,2004
"Highgate Redevelopment",Barre,120,"Highgate Housing Inc.",Evernorth,74,Rehabilitation,"$150,000",State,2004
"Howard Block","Bellows Falls",13,"Rockingham Area Community Land Trust",Evernorth,13,Rehabilitation,"$129,954","Tax Exempt Bonds",2004
"Kazon Bldg","West Rutland",6,,"Rutland County Community Land Trust",6,"Acquisition, Rehabilitation","$28,198","Tax Exempt Bonds",2004
"ECHO Scattered Sites",Burlington,20,"Champlain Housing Trust",Evernorth,18,"Acquisition, Rehabilitation","$8,911",Federal,2004
,,,,,,,"$28,710",Federal,2004
"64 School St",Rutland,10,,"Rutland County Community Land Trust",10,"New construction","$61,190","Tax Exempt Bonds",2004
"Butler House","St. Albans",6,"Champlain Housing Trust",Evernorth,6,Rehabilitation,"$36,438","Tax Exempt Bonds",2004
"Butterfield Commons (Family)","West Dover",14,,,7,"New construction","$147,500",Federal,2004
"Whetstone Housing",Brattleboro,20,,,17,"Acquisition, Rehabilitation","$100,000",State,2003
"Cabot Commons",Cabot,8,,"Downstreet Housing and Community Development",7,"New construction","$54,402","Tax Exempt Bonds",2003
"Waterfront Housing",Burlington,40,"Champlain Housing Trust",Evernorth,28,"New construction","$140,606",Federal,2003
"Tuttle Block",Rutland,16,"Rutland County Community Land Trust",Evernorth,16,Rehabilitation,"$160,000",Federal,2003
,,,,,,,"$84,579","Tax Exempt Bonds",2003
"Mountain View/St Johnsbury","St. Johnsbury",48,,Evernorth,48,"Rehabilitation, Acquisition","$145,978","Tax Exempt Bonds",2003
"Smallest City Housing",Vergennes,19,"Champlain Housing Trust",Evernorth,19,"New construction","$126,740","Tax Exempt Bonds",2003
"Hawk's Nest","St. Albans",66,"Cathedral Square Corp.",Evernorth,57,"New construction","$192,774","Tax Exempt Bonds",2003
"Roosevelt Apts",Burlington,27,,,27,"New construction","$218,709",Federal,2003
"Shelburne Interfaith Family Housing",Shelburne,18,"Champlain Housing Trust",Evernorth,16,"New construction, Rehabilitation","$272,000",Federal,2003
,,,,,,,"$140,500",Federal,2003
"Smith Housing",Middlebury,17,"Addison County Community Action Group",Evernorth,16,"Acquisition, Rehabilitation","$83,807","Tax Exempt Bonds",2003
"Stowe Community Housing",Stowe,43,"Lamoille Housing Partnership",Evernorth,37,"New construction","$505,000",Federal,2003
"Rutland Rehab II",Rutland,31,"Rutland County Community Land Trust",Evernorth,31,Rehabilitation,"$20,491","Tax Exempt Bonds",2003
,,,,,,,"$259,079","Tax Exempt Bonds",2003
"Mapletree Pl",Williston,50,"Champlain Housing Trust",Evernorth,36,"New construction","$135,450","Tax Exempt Bonds",2003
"Maples II",Rutland,32,,"Green Mountain Development Group",14,"New construction","$41,273","Tax Exempt Bonds",2003
"Monarch Apts","Essex Junction",30,,"Homestead Design Inc.",26,"New construction","$365,555",Federal,2003
"Falcon Manor",Williston,61,,"Yandow Dousevicz Construction",27,"New construction","$69,038","Tax Exempt Bonds",2003
"Highgate Redevelopment",Barre,120,"Highgate Housing Inc.",Evernorth,74,Rehabilitation,"$50,000",State,2003
"Island Housing","Grand Isle",16,"Champlain Housing Trust",Evernorth,15,"New construction","$183,750",Federal,2003
"Hollow Dr",Hartford,18,"Twin Pines Housing Trust","Housing Foundation Inc., The",18,"New construction","$108,054","Tax Exempt Bonds",2003
"Highgate Redevelopment",Barre,120,"Highgate Housing Inc.",Evernorth,74,Rehabilitation,"$325,500",Federal,2003
"Arlington Village Ctr",Arlington,29,,"Shires Housing",20,"New construction, Acquisition, Rehabilitation","$24,782",Federal,2003
"Branchwood Apts",Randolph,12,"Randolph Area Community Development Corp.",Evernorth,10,"New construction","$126,000",Federal,2003
"Waterfront Housing",Burlington,40,"Champlain Housing Trust",Evernorth,28,"New construction","$338,391",Federal,2002
,,,,,,,"$4,400",Federal,2002
"Groton Redevelopment",Groton,18,RuralEdge,Evernorth,18,Rehabilitation,"$20,000",State,2002
"Vernon Senior Housing",Vernon,24,"Vernon Senior Housing Inc.",Evernorth,17,"New construction","$50,000",State,2002
"Creekview Housing",Vergennes,36,,Evernorth,31,"Rehabilitation, Acquisition","$80,000",State,2002
"Sunrise Settlement",Quechee,22,,"Homestead Design Inc.",22,"New construction","$381,202",Federal,2002
,,,,,,,"$120,000",Federal,2002
"Park Village II",Brandon,34,,"Holmberg Construction Inc.",34,"Acquisition, Rehabilitation","$369,316",Federal,2002
"Green Mountain Seminary","Waterbury Center",16,"Downstreet Housing and Community Development",Evernorth,14,"Acquisition, Rehabilitation","$82,147","Tax Exempt Bonds",2002
,,,,,,,"$91,024","Tax Exempt Bonds",2002
"ECHO North & North",Burlington,12,"Champlain Housing Trust",Evernorth,11,"New construction","$127,000",Federal,2002
"Highgate Redevelopment",Barre,120,"Highgate Housing Inc.",Evernorth,74,Rehabilitation,"$310,000",Federal,2002
"ECHO Scattered Sites",Burlington,20,"Champlain Housing Trust",Evernorth,18,"Acquisition, Rehabilitation","$85,000",Federal,2002
"Manchester Commons",Manchester,15,,"Shires Housing",10,"New construction","$108,149",Federal,2002
"Ben South",Bennington,21,,"Shires Housing",15,"Acquisition, Rehabilitation","$31,400","Tax Exempt Bonds",2002
"Clark & Canal",Brattleboro,12,,,10,"Acquisition, Rehabilitation","$41,588","Tax Exempt Bonds",2002
"Columbian Ave",Rutland,9,,"Rutland County Community Land Trust",9,"Acquisition, Rehabilitation","$46,414","Tax Exempt Bonds",2002
"Arbor Gardens",Colchester,37,,"Homestead Design Inc.",37,"New construction","$157,455",Federal,2002
"Baldwin Block","Wells River",7,"Wells River Action Project",Evernorth,7,"Acquisition, Rehabilitation","$36,061","Tax Exempt Bonds",2002
"Victoria Pl Apts",Burlington,34,,"Bove Brothers Inc.",34,"New construction","$359,186",Federal,2001
,,,,,,,"$172,600",Federal,2001
"Upper Valley Transitional Housing (Overlook Housing)","White River Junction",12,"Twin Pines Housing Trust",Evernorth,12,"Rehabilitation, New construction","$81,198",Federal,2001
"Western Ave Apts",Brattleboro,13,,,10,Rehabilitation,"$74,000",Federal,2001
"Gardens at Williamstown Sq I, The",Williamstown,30,,,7,"Acquisition, Rehabilitation, New construction","$21,056","Tax Exempt Bonds",2001
"Ruggles House",Burlington,14,"Cathedral Square Corp.",Evernorth,11,"Rehabilitation, New construction","$58,000",Federal,2001
"St. Johnsbury House","St. Johnsbury",39,,"Green Mountain Development Group",39,"Acquisition, Rehabilitation","$9,000",Federal,2001
"Moose River Housing","St. Johnsbury",28,RuralEdge,Evernorth,28,"Acquisition, Rehabilitation","$50,000",State,2001
,,,,,,,"$460,000",Federal,2001
"Manchester Knoll (Woodland Station)",Manchester,20,"Shires Housing",Evernorth,15,"New construction","$4,400",Federal,2001
,,,,,,,"$4,400",Federal,2001
,,,,,,,"$118,876",Federal,2001
"Franklin Carriage House",Franklin,18,"Franklin Homestead",Evernorth,10,"New construction","$37,573","Tax Exempt Bonds",2001
,,,,,,,"$150,000",Federal,2001
,,,,,,,"$100,000",State,2001
"Howard Block","Bellows Falls",13,"Rockingham Area Community Land Trust",Evernorth,13,Rehabilitation,"$129,954",Federal,2001
,,,,,,,"$74,745","Tax Exempt Bonds",2001
,,,,,,,"$33,189","Tax Exempt Bonds",2001
"Ben South",Bennington,21,,"Shires Housing",15,"Acquisition, Rehabilitation","$19,170","Tax Exempt Bonds",2001
"Crystal Lake",Barton,15,RuralEdge,Evernorth,15,"Acquisition, Rehabilitation","$59,575","Tax Exempt Bonds",2001
,,,,,,,"$85,271","Tax Exempt Bonds",2001
"Arbor Gardens",Colchester,37,,"Homestead Design Inc.",37,"New construction","$231,907",Federal,2001
"Arlington Village Ctr",Arlington,29,,"Shires Housing",20,"New construction, Acquisition, Rehabilitation","$147,515",Federal,2001
,,,,,,,"$335,000",Federal,2000
"The Briars (Briars Housing II)",Hartford,24,,Evernorth,20,"Rehabilitation, Acquisition","$24,430",Federal,2000
"Swanton School",Swanton,16,,Evernorth,16,"Acquisition, Rehabilitation","$51,306",Federal,2000
"Saxtons River","Saxtons River",17,"Rockingham Area Community Land Trust",Evernorth,17,"Acquisition, Rehabilitation","$68,530",Federal,2000
"St. Johnsbury House","St. Johnsbury",39,,"Green Mountain Development Group",39,"Acquisition, Rehabilitation","$198,425",Federal,2000
"Mary Exner Block","Bellows Falls",10,"Rockingham Area Community Land Trust",Evernorth,8,Rehabilitation,"$26,909",Federal,2000
"Portland & Main",Morrisville,8,,Evernorth,8,"Acquisition, Rehabilitation","$37,500",Federal,2000
"Eagle Crest",Williston,60,,"Yandow Dousevicz Construction",14,"New construction, Rehabilitation, Acquisition","$24,882",Federal,2000
"Hillcrest Views/Maple St","St. Albans",38,,"Vermont State Housing Authority",38,"Acquisition, Rehabilitation","$32,900",Federal,2000
"Hawkins Housing",Middlebury,14,,Evernorth,14,,"$3,687",Federal,2000
,,,,,,,"$15,021",Federal,2000
"Green Mountain Seminary","Waterbury Center",16,"Downstreet Housing and Community Development",Evernorth,14,"Acquisition, Rehabilitation","$42,000",State,2000
"Clark & Canal",Brattleboro,12,,,10,"Acquisition, Rehabilitation","$58,000",State,2000
,,,,,,,"$141,000",Federal,2000
"Mary Exner Block","Bellows Falls",10,"Rockingham Area Community Land Trust",Evernorth,8,Rehabilitation,"$36,603",Federal,1999
"Park Pl II",Burlington,14,,Evernorth,14,"Acquisition, Rehabilitation","$4,856",Federal,1999
"Pearl & Union SRO",Burlington,18,,Evernorth,18,"Acquisition, Rehabilitation","$1,534",Federal,1999
"Mill View Housing",Burlington,12,,Evernorth,12,"New construction","$85,779",Federal,1999
"McAuley Sq Allocated (Independence Pl)",Burlington,7,"Cathedral Square Corp.",Evernorth,7,,"$88,000",Federal,1999
"Park Village I",Brandon,39,,"Holmberg Construction Inc.",26,"Acquisition, Rehabilitation","$162,104",Federal,1999
"Eagle Crest",Williston,60,,"Yandow Dousevicz Construction",14,"New construction, Rehabilitation, Acquisition","$24,469",Federal,1999
"Manchester Knoll (Woodland Station)",Manchester,20,"Shires Housing",Evernorth,15,"New construction","$138,113",Federal,1999
"Hawkins Housing",Middlebury,14,,Evernorth,14,,"$81,784",Federal,1999
"Crystal Lake",Barton,15,RuralEdge,Evernorth,15,"Acquisition, Rehabilitation","$59,564",Federal,1999
"Bennington Arts Housing",Bennington,15,,Evernorth,14,"Acquisition, Rehabilitation","$3,060",Federal,1999
"Bus Barns Allocated",Burlington,12,"Champlain Housing Trust",Evernorth,12,,"$137,782",Federal,1999
WRAP,"Wells River",22,,Evernorth,17,"Acquisition, Rehabilitation","$4,665",Federal,1998
BRHIP,Burlington,33,,Evernorth,27,"Acquisition, Rehabilitation","$4,009",Federal,1998
"Park Pl II",Burlington,14,,Evernorth,14,"Acquisition, Rehabilitation","$75,000",Federal,1998
"Pearl & Union SRO",Burlington,18,,Evernorth,18,"Acquisition, Rehabilitation","$55,766",Federal,1998
"Maples I",Rutland,51,,"Green Mountain Development Group",36,"New construction","$231,871",Federal,1998
"Park Village I",Brandon,39,,"Holmberg Construction Inc.",26,"Acquisition, Rehabilitation","$18,340",Federal,1998
"Homestead Greene",Bennington,17,,"THM Inc.",17,"New construction","$59,150",Federal,1998
"Highland Hill Housing",Hardwick,14,,Evernorth,11,"Acquisition, Rehabilitation","$47,500",Federal,1998
"Essex Town Ctr",Essex,44,,"Homestead Design Inc.",26,"New construction","$7,999",Federal,1998
"Lakeview Housing",Newport,16,,Evernorth,16,"Acquisition, Rehabilitation","$35,754",Federal,1998
"1306 Ethan Allen/E Spring",Colchester,42,,Evernorth,32,,$837,Federal,1998
"ACCAG II (North Pleasant/Seymour)",Middlebury,24,,Evernorth,22,,"$1,798",Federal,1998
"Applegate Apartments",Bennington,104,,Evernorth,74,"Rehabilitation, Acquisition","$107,204",Federal,1998
"Bennington Arts Housing",Bennington,15,,Evernorth,14,"Acquisition, Rehabilitation","$73,000",Federal,1998
"Bailey, Baldwin, Barre Sts (Winooski River Apts)",Montpelier,15,"Downstreet Housing and Community Development",,11,Rehabilitation,"$50,000",Federal,1998
"Cora B. Whitney",Bennington,22,,"Shires Housing",11,Rehabilitation,"$73,399",Federal,1998
"ACCAG I (Maynard/Sargent)",Middlebury,19,,Evernorth,17,Rehabilitation,$740,Federal,1998
"Windsor Hollow",Wilder,27,,"SK Properties",26,"New construction","$7,323",Federal,1997
WRAP,"Wells River",22,,Evernorth,17,"Acquisition, Rehabilitation","$79,661",Federal,1997
"Westview Ter",Springfield,58,,"Realty Resources Chartered",58,Rehabilitation,"$45,073",Federal,1997
"South Sq (101 College)",Burlington,65,,Evernorth,63,"Acquisition, Rehabilitation","$81,903",Federal,1997
"Swanton Meadows",Swanton,20,,"Realty Resources Chartered",20,"New construction","$58,300",Federal,1997
"St. Johnsbury HP Phase II","St. Johnsbury",32,,"Northern Community Investment Corporation",28,Rehabilitation,"$3,364",Federal,1997
"Pines, The, Phase IV","South Burlington",60,,"Pines Housing LP",17,"New construction","$38,004",Federal,1997
"Park Pl I",Burlington,20,,Evernorth,16,Rehabilitation,"$100,144",Federal,1997
"Phelps Ct",Windsor,10,,"Rockingham Area Community Land Trust",7,Rehabilitation,"$2,323",Federal,1997
"Richmond Village Housing",Richmond,16,,"Champlain Housing Trust",12,"New construction","$74,116",Federal,1997
"Essex Town Ctr",Essex,44,,"Homestead Design Inc.",26,"New construction","$29,008",Federal,1997
"Hedding Dr",Randolph,16,,Evernorth,14,"Acquisition, Rehabilitation","$42,000",Federal,1997
"ACCAG II (North Pleasant/Seymour)",Middlebury,24,,Evernorth,22,,"$97,503",Federal,1997
"Applegate Apartments",Bennington,104,,Evernorth,74,"Rehabilitation, Acquisition","$122,796",Federal,1997
"Alfred Ct","Fair Haven",17,,"THM Inc.",12,"New construction","$35,000",Federal,1997
"10 Phelps CT",Windsor,4,,"Rockingham Area Community Land Trust",2,Rehabilitation,"$17,315",Federal,1997
"1306 Ethan Allen/E Spring",Colchester,42,,Evernorth,32,,"$102,548",Federal,1997
"Caledonia HP Phase II","St. Johnsbury",28,,"Northern Community Investment Corporation",20,Rehabilitation,"$1,226",Federal,1996
BRHIP,Burlington,33,,Evernorth,27,"Acquisition, Rehabilitation","$92,616",Federal,1996
"Pines, The, Phase III","South Burlington",39,,"Pines Housing LP",39,"New construction","$199,017",Federal,1996
"Phelps Ct",Windsor,10,,"Rockingham Area Community Land Trust",7,Rehabilitation,"$26,580",Federal,1996
"Essex Town Ctr",Essex,44,,"Homestead Design Inc.",26,"New construction","$160,310",Federal,1996
"Holy Cross Senior Housing",Colchester,40,,"Champlain Housing Trust",33,"New construction","$151,408",Federal,1996
"Black River Overlook",Ludlow,25,,Evernorth,25,"New construction","$216,518",Federal,1996
"ACCAG I (Maynard/Sargent)",Middlebury,19,,Evernorth,17,Rehabilitation,"$79,465",Federal,1996
"Westview Ter",Springfield,58,,"Realty Resources Chartered",58,Rehabilitation,"$371,242",Federal,1995
"St. Johnsbury HP Phase II","St. Johnsbury",32,,"Northern Community Investment Corporation",28,Rehabilitation,"$25,705",Federal,1995
"Rose St Co-op",Burlington,12,,Evernorth,12,Rehabilitation,"$74,434",Federal,1995
"Fairfield Street School Apts","St. Albans",20,,Evernorth,20,"Acquisition, Rehabilitation","$90,034",Federal,1995
"Pines, The, Phase II","South Burlington",33,,"Pines Housing LP",26,"New construction","$137,108",Federal,1995
"Lyndonville Phase II",Lyndonville,14,,"Northern Community Investment Corporation",12,Rehabilitation,"$16,704",Federal,1995
"Adams House","Fair Haven",13,,"Rutland County Community Land Trust",13,Rehabilitation,"$79,609",Federal,1995
"Windsor Hollow",Wilder,27,,"SK Properties",26,"New construction","$63,818",Federal,1994
"Thelma Maple Coop",Burlington,20,,Evernorth,20,"New construction","$165,763",Federal,1994
"Pines, The, Phase I","South Burlington",53,,"Pines Housing LP",53,"New construction","$390,052",Federal,1994
"Spring, Elliot & Valgar Streets",Brattleboro,28,,,27,"Rehabilitation, Acquisition","$111,233",Federal,1994
"School St Hartford",Hartford,8,,Evernorth,7,Rehabilitation,"$32,184",Federal,1994
"Caledonia HP Phase I","St. Johnsbury",28,,"Northern Community Investment Corporation",25,"Acquisition, Rehabilitation","$13,130",Federal,1994
"Morse Block",Barre,16,,"Vermont Housing Enterprises Inc.",15,Rehabilitation,"$65,648",Federal,1994
"Queensbury Rd","South Burlington",18,,Evernorth,16,"New construction","$133,633",Federal,1994
"Windsor Village",Windsor,77,"Rockingham Area Community Land Trust",Evernorth,77,"Rehabilitation, Acquisition","$165,945",Federal,1994
"Erastus Thayer House",Brandon,9,,Evernorth,8,Rehabilitation,"$31,810",Federal,1994
"Autumn Leaves",Poultney,20,,"PDC Development",20,"New construction","$51,465",Federal,1994
"Congress & Park",Morrisville,12,,Evernorth,8,Rehabilitation,"$37,548",Federal,1994
"Burlington Scattered Site O.N.E.",Burlington,20,,Evernorth,20,Rehabilitation,"$92,926",Federal,1994
"Bentley Farm Rehab",Arlington,8,,Evernorth,7,Rehabilitation,"$42,881",Federal,1994
"Rutland Scattered Site (Rutland Rehab I)",Rutland,31,"Housing Foundation Inc., The",Evernorth,31,"Acquisition, Rehabilitation","$23,098",Federal,1993
"St. John's Knoll",Johnson,20,,"Realty Resources Chartered",20,"New construction","$51,934",Federal,1993
"Neshobe House",Brandon,25,,"Williams Holding Co./Brandon",25,"New construction","$66,637",Federal,1993
"Graystone Village","White River Junction",34,,Evernorth,32,,"$87,704",Federal,1993
"Bradford Village",Bradford,21,,"Realty Resources Chartered",21,"New construction","$64,116",Federal,1993
"Depot II",Bethel,10,,"Vermont Housing Enterprises Inc.",10,"Acquisition, Rehabilitation","$17,255",Federal,1993
"Randolph House",Randolph,48,"Randolph Area Community Development Corp.",,48,"Rehabilitation, Acquisition","$71,531",Federal,1992
"Caledonia HP Phase I","St. Johnsbury",28,,"Northern Community Investment Corporation",25,"Acquisition, Rehabilitation","$53,043",Federal,1992
"Rutland Scattered Site (Rutland Rehab I)",Rutland,31,"Housing Foundation Inc., The",Evernorth,31,"Acquisition, Rehabilitation","$156,139",Federal,1992
"Newport Housing",Newport,13,,Evernorth,10,"Acquisition, Rehabilitation","$34,512",Federal,1992
"Newport Pl Elderly",Newport,24,,"Realty Resources Chartered",24,,"$49,755",Federal,1992
"Peacham Academy",Peacham,4,,Evernorth,4,"Acquisition, Rehabilitation","$6,197",Federal,1992
"North Branch Apts (new)",Montpelier,16,,Evernorth,13,"New construction","$70,014",Federal,1992
"North Branch Apts (rehab)",Montpelier,23,,Evernorth,23,Rehabilitation,"$125,483",Federal,1992
"Hardwick Housing",Hardwick,7,,"Northern Community Investment Corporation",7,"New construction","$21,284",Federal,1992
"Franklin Homestead",Franklin,23,,"Franklin Homestead",14,"New construction","$83,250",Federal,1992
"Lyndonville, Phase I",Lyndonville,14,,"Northern Community Investment Corporation",12,Rehabilitation,"$20,295",Federal,1992
"Derby Line Housing","Derby Line",9,,Evernorth,9,Rehabilitation,"$15,637",Federal,1992
"Whitney Hill",Williston,44,"Cathedral Square Corp.",Evernorth,37,"New construction, Rehabilitation, Acquisition","$160,462",Federal,1991
"Stimson & Graves (Chase Block)",Waterbury,14,"Downstreet Housing and Community Development",Evernorth,14,Rehabilitation,"$97,361",Federal,1991
"Putney Meadows",Putney,28,,"Realty Resources Chartered",28,"New construction","$84,057",Federal,1991
"Meadowbrook Pl",Williamstown,15,,"Housing Foundation Inc., The",15,"New construction","$48,983",Federal,1991
"Pine Meadow",Middlebury,30,"Addison County Community Trust",Evernorth,24,"New construction","$166,062",Federal,1991
"Pleasant Brook",Chester,24,,"SK Properties",22,"New construction","$72,833",Federal,1991
"Highgate Apts",Barre,120,"Highgate Housing Inc.",Evernorth,109,"Acquisition, Rehabilitation","$233,968",Federal,1991
"Genest Bldg",Winooski,10,,"S.D. Mansfield Inc.",10,Rehabilitation,"$31,163",Federal,1991
"Abbott Block",Brattleboro,17,,Evernorth,8,Rehabilitation,"$16,409",Federal,1991
"Hunt Farm",Bristol,9,Evernorth,"Addison County Community Trust",9,Rehabilitation,"$100,000",Federal,1991
"St. Johnsbury HP Phase I","St. Johnsbury",32,,Evernorth,23,Rehabilitation,"$46,652",Federal,1990
"Mountain View Apts",Springfield,72,,Evernorth,52,"Acquisition, Rehabilitation","$76,682",Federal,1990
"North St Bissonnette",Burlington,6,,"Bissonette, William",6,Rehabilitation,"$5,559",Federal,1990
"Winchester Pl",Colchester,166,"Champlain Housing Trust",Evernorth,75,"New construction","$158,392",Federal,1989
"School St Plainfield",Plainfield,13,,"Housing Foundation Inc., The",13,Acquisition,"$23,000",Federal,1989
"Sherlock Holmes",Middlebury,2,,"Sherlock, John P.",2,"New construction","$8,814",Federal,1989
"Prospect St Apts",Montpelier,29,,Evernorth,29,"New construction","$56,638",Federal,1989
Northgate,Burlington,336,,Evernorth,179,Rehabilitation,"$426,130",Federal,1989
"Middlebury Commons",Middlebury,63,,Evernorth,63,"New construction","$134,045",Federal,1989
"Cummings St",Montpelier,20,,"Capital City Housing Foundation Inc",18,Acquisition,"$27,199",Federal,1989
"Salmon Run",Burlington,80,,Evernorth,36,"New construction","$113,614",Federal,1988
"Pleasant St Apartments",Enosburg,24,,"Merchants Properties Inc.",19,"New construction","$42,907",Federal,1988
"Lane Shops",Montpelier,50,,"Lane Shop Associates",40,Rehabilitation,"$11,220",Federal,1988
"Heineberg Senior Housing",Burlington,82,,"Heineberg Senior Housing Corp.",42,"New construction","$198,907",Federal,1988
"Hillcrest View","St. Albans",34,,"Housing Foundation Inc., The",24,"New construction","$46,887",Federal,1988
"Armory Square",Windsor,58,"Rockingham Area Community Land Trust",Evernorth,51,Rehabilitation,"$224,000",Federal,1988
"South Meadow",Burlington,64,"Champlain Housing Trust",Evernorth,64,"New construction, Rehabilitation","$65,237",Federal,1987
"North St Shriner",Burlington,4,,"Shriner, W.L. (Bud)",4,Acquisition,"$4,525",Federal,1987
"Meadow Ln",Milton,20,,"Milton Associates",20,Rehabilitation,"$7,875",Federal,1987